{"../output/StyleID/011223c_011223_immortalhulk.png": 3.5544588565826416, "../output/StyleID/011351c_011351_spiderman1bandw.png": 3.516263008117676, "../output/StyleID/2209c_2209_FriendlyNeighborhood.png": 3.527606725692749, "../output/StyleID/2844c_2844_Prowler_Vol_2_2.png": 3.533900260925293, "../output/StyleID/2906c_2906_thearacnisproject.png": 3.510012149810791, "../output/StyleID/5513c_5513_worldwarhulks.png": 3.5409798622131348, "../output/StyleID/documentary1c_documentary1_LegendOfTheSpiderClan.png": 3.5390238761901855, "../output/StyleID/documentary2c_documentary2_Devil_sReign.png": 3.543544054031372, "load_time": 20.859824657440186, "unit": "seconds"}