{"../output/Linear/011223c_011223_immortalhulk.png": 4.046809434890747, "../output/Linear/011351c_011351_spiderman1bandw.png": 0.009390830993652344, "../output/Linear/2209c_2209_FriendlyNeighborhood.png": 0.004578113555908203, "../output/Linear/2844c_2844_Prowler_Vol_2_2.png": 0.004538297653198242, "../output/Linear/2906c_2906_thearacnisproject.png": 0.004546642303466797, "../output/Linear/5513c_5513_worldwarhulks.png": 0.004565000534057617, "../output/Linear/documentary1c_documentary1_LegendOfTheSpiderClan.png": 0.004630565643310547, "../output/Linear/documentary2c_documentary2_Devil_sReign.png": 0.0046465396881103516, "load_time": 0.27142763137817383, "unit": "seconds"}