{"../output/ArbitraryMultiAdaptation/content_s1.png": 1.333510398864746, "../output/ArbitraryMultiAdaptation/content1_s2.png": 0.009719371795654297, "../output/ArbitraryMultiAdaptation/content2_s3.png": 0.010098934173583984, "../output/ArbitraryMultiAdaptation/content3_s4.png": 0.00969386100769043, "load_time": 0.14609265327453613, "unit": "seconds"}