{"../output/Linear/frame_a_documentary2s.png": 3.8574960231781006, "../output/Linear/frame_b_documentary2s.png": 0.008034706115722656, "../output/Linear/frame_c_documentary2s.png": 0.0037813186645507812, "../output/Linear/frame_d_documentary2s.png": 0.0037631988525390625, "../output/Linear/frame_e_documentary2s.png": 0.003844738006591797, "load_time": 0.2481386661529541, "unit": "seconds"}