{"../output/ArbitraryMultiAdaptation/011223c_011223_ai.png": 1.3690903186798096, "../output/ArbitraryMultiAdaptation/011351c_011351_ai.png": 0.009830236434936523, "../output/ArbitraryMultiAdaptation/2209c_2209_ai.png": 0.010228395462036133, "../output/ArbitraryMultiAdaptation/2844c_2844_ai.png": 0.009907007217407227, "../output/ArbitraryMultiAdaptation/2906c_2906_ai.png": 0.009798526763916016, "../output/ArbitraryMultiAdaptation/5513c_5513_ai.png": 0.010675191879272461, "../output/ArbitraryMultiAdaptation/documentary1c_documentary1_ai.png": 0.010367870330810547, "../output/ArbitraryMultiAdaptation/documentary2c_documentary2_ai.png": 0.010277032852172852, "load_time": 0.14770984649658203, "unit": "seconds"}