{"../output/ArbitraryMultiAdaptation/011223c_011223_ai.png": 1.3133080005645752, "../output/ArbitraryMultiAdaptation/011351c_011351_ai.png": 0.009461402893066406, "../output/ArbitraryMultiAdaptation/2209c_2209_ai.png": 0.009725332260131836, "../output/ArbitraryMultiAdaptation/2844c_2844_ai.png": 0.009623527526855469, "../output/ArbitraryMultiAdaptation/2906c_2906_ai.png": 0.009856939315795898, "../output/ArbitraryMultiAdaptation/5513c_5513_ai.png": 0.009614706039428711, "../output/ArbitraryMultiAdaptation/documentary1c_documentary1_ai.png": 0.010161161422729492, "../output/ArbitraryMultiAdaptation/documentary2c_documentary2_ai.png": 0.009798049926757812, "load_time": 0.1439352035522461, "unit": "seconds"}