{"../output/StyleID/frame_a_documentary2s.png": 3.4169840812683105, "../output/StyleID/frame_b_documentary2s.png": 3.3917107582092285, "../output/StyleID/frame_c_documentary2s.png": 3.3889708518981934, "../output/StyleID/frame_d_documentary2s.png": 3.395395278930664, "../output/StyleID/frame_e_documentary2s.png": 3.3717734813690186, "load_time": 18.895198345184326, "unit": "seconds"}