{"../output/ArbitraryMultiAdaptation/content_s1.png": 1.337531328201294, "../output/ArbitraryMultiAdaptation/content1_s2.png": 0.010084867477416992, "../output/ArbitraryMultiAdaptation/content2_s3.png": 0.010141611099243164, "../output/ArbitraryMultiAdaptation/content3_s4.png": 0.009786367416381836, "load_time": 0.1529710292816162, "unit": "seconds"}