{"../output/StyleID/content1_s1.png": 3.5607762336730957, "../output/StyleID/content2_s2.png": 3.5315704345703125, "../output/StyleID/content3_s3.png": 3.5402324199676514, "../output/StyleID/content4_s4.png": 3.5413105487823486, "load_time": 19.767171382904053, "unit": "seconds"}