{"../output/StyleID/frame_a_documentary2s.png": 3.554558515548706, "../output/StyleID/frame_b_documentary2s.png": 3.5264322757720947, "../output/StyleID/frame_c_documentary2s.png": 3.5332744121551514, "../output/StyleID/frame_d_documentary2s.png": 3.5348172187805176, "../output/StyleID/frame_e_documentary2s.png": 3.505854845046997, "load_time": 18.355413913726807, "unit": "seconds"}