{"../output/Linear/011223c_011223_ai.png": 3.977137565612793, "../output/Linear/011351c_011351_ai.png": 0.00947427749633789, "../output/Linear/2209c_2209_ai.png": 0.004298686981201172, "../output/Linear/2844c_2844_ai.png": 0.00400090217590332, "../output/Linear/2906c_2906_ai.png": 0.00388336181640625, "../output/Linear/5513c_5513_ai.png": 0.004013538360595703, "../output/Linear/documentary1c_documentary1_ai.png": 0.004441738128662109, "../output/Linear/documentary2c_documentary2_ai.png": 0.004048347473144531, "load_time": 0.2998843193054199, "unit": "seconds"}