{"../output/Linear/content_s1.png": 3.918302059173584, "../output/Linear/content1_s2.png": 0.009499788284301758, "../output/Linear/content2_s3.png": 0.004646778106689453, "../output/Linear/content3_s4.png": 0.004004240036010742, "load_time": 0.25450563430786133, "unit": "seconds"}