{"../output/StyleID/content_s1.png": 3.971729278564453, "../output/StyleID/content1_s2.png": 3.9400603771209717, "../output/StyleID/content2_s3.png": 3.9541642665863037, "../output/StyleID/content3_s4.png": 3.9547951221466064, "load_time": 20.13829207420349, "unit": "seconds"}