{"../output/StyleID/011223c_011223_ai.png": 3.577488899230957, "../output/StyleID/011351c_011351_ai.png": 3.539646625518799, "../output/StyleID/2209c_2209_ai.png": 3.5548529624938965, "../output/StyleID/2844c_2844_ai.png": 3.5483415126800537, "../output/StyleID/2906c_2906_ai.png": 3.52435040473938, "../output/StyleID/5513c_5513_ai.png": 3.5626161098480225, "../output/StyleID/documentary1c_documentary1_ai.png": 3.542922019958496, "../output/StyleID/documentary2c_documentary2_ai.png": 3.5550215244293213, "load_time": 18.07190251350403, "unit": "seconds"}