{"../output/StyleID/011223c_011223_ai.png": 3.828842878341675, "../output/StyleID/011351c_011351_ai.png": 3.7948250770568848, "../output/StyleID/2209c_2209_ai.png": 3.849490165710449, "../output/StyleID/2844c_2844_ai.png": 3.8485124111175537, "../output/StyleID/2906c_2906_ai.png": 3.8056750297546387, "../output/StyleID/5513c_5513_ai.png": 3.859588861465454, "../output/StyleID/documentary1c_documentary1_ai.png": 3.833876371383667, "../output/StyleID/documentary2c_documentary2_ai.png": 3.85136342048645, "load_time": 19.48395562171936, "unit": "seconds"}