{"../output/StyleID/011223c_011223_immortalhulk.png": 3.9099273681640625, "../output/StyleID/011351c_011351_spiderman1bandw.png": 3.871549367904663, "../output/StyleID/2209c_2209_FriendlyNeighborhood.png": 3.879523515701294, "../output/StyleID/2844c_2844_Prowler_Vol_2_2.png": 3.882627010345459, "../output/StyleID/2906c_2906_thearacnisproject.png": 3.855828285217285, "../output/StyleID/5513c_5513_worldwarhulks.png": 3.886767625808716, "../output/StyleID/documentary1c_documentary1_LegendOfTheSpiderClan.png": 3.881930351257324, "../output/StyleID/documentary2c_documentary2_Devil_sReign.png": 3.887441635131836, "load_time": 19.439730882644653, "unit": "seconds"}